INSERT INTO t_managed_bean
    (id, create_timestamp, update_timestamp, status, name, db_schema, db_table)
VALUES
    ('00000000-0000-0000-0000-000000000000', 0, 0, 1, 'managedBean', null, 't_managed_bean'),
    ('00000000-0000-0000-0000-000000000001', 0, 0, 1, 'fieldOfBean', null, 't_field_of_bean'),
    ('00000000-0000-0000-0000-000000000002', 0, 0, 1, 'validationRule', null, 't_field_of_bean'),
    ('00000000-0000-0000-0000-000000000003', 0, 0, 1, 'user', null, 't_user'),
    ('00000000-0000-0000-0000-000000000004', 0, 0, 1, 'role', null, 't_role'),
    ('00000000-0000-0000-0000-000000000005', 0, 0, 1, 'userRole', null, 't_user_role'),
    ('00000000-0000-0000-0000-000000000006', 0, 0, 1, 'userPermission', null, 't_user_permission'),
    ('00000000-0000-0000-0000-000000000007', 0, 0, 1, 'rolePermission', null, 't_role_permission');

INSERT INTO t_field_of_bean
    (id, create_timestamp, update_timestamp, status, bean_id,
     name, db_column, data_type, precision_or_length, show_on_table)
VALUES
    ('00000000-0000-0000-0000-000000000000', 0, 0, 1, '00000000-0000-0000-0000-000000000000', 'id', 'id', 5,  null, 1),
    ('00000000-0000-0000-0000-000000000001', 0, 0, 1, '00000000-0000-0000-0000-000000000001', 'id', 'id', 5,  null, 1),
    ('00000000-0000-0000-0000-000000000002', 0, 0, 1, '00000000-0000-0000-0000-000000000002', 'id', 'id', 5,  null, 1),
    ('00000000-0000-0000-0000-000000000003', 0, 0, 1, '00000000-0000-0000-0000-000000000003', 'id', 'id', 5,  null, 1),
    ('00000000-0000-0000-0000-000000000004', 0, 0, 1, '00000000-0000-0000-0000-000000000004', 'id', 'id', 5,  null, 1),
    ('00000000-0000-0000-0000-000000000005', 0, 0, 1, '00000000-0000-0000-0000-000000000005', 'id', 'id', 5,  null, 1),
    ('00000000-0000-0000-0000-000000000006', 0, 0, 1, '00000000-0000-0000-0000-000000000006', 'id', 'id', 5,  null, 1),
    ('00000000-0000-0000-0000-000000000007', 0, 0, 1, '00000000-0000-0000-0000-000000000007', 'id', 'id', 5,  null, 1),
    ('00000000-0000-0000-0000-000000000010', 0, 0, 1, '00000000-0000-0000-0000-000000000000', 'createTimestamp', 'create_timestamp', 2,  null, 0),
    ('00000000-0000-0000-0000-000000000011', 0, 0, 1, '00000000-0000-0000-0000-000000000001', 'createTimestamp', 'create_timestamp', 2,  null, 0),
    ('00000000-0000-0000-0000-000000000012', 0, 0, 1, '00000000-0000-0000-0000-000000000002', 'createTimestamp', 'create_timestamp', 2,  null, 0),
    ('00000000-0000-0000-0000-000000000013', 0, 0, 1, '00000000-0000-0000-0000-000000000003', 'createTimestamp', 'create_timestamp', 2,  null, 0),
    ('00000000-0000-0000-0000-000000000014', 0, 0, 1, '00000000-0000-0000-0000-000000000004', 'createTimestamp', 'create_timestamp', 2,  null, 0),
    ('00000000-0000-0000-0000-000000000015', 0, 0, 1, '00000000-0000-0000-0000-000000000005', 'createTimestamp', 'create_timestamp', 2,  null, 0),
    ('00000000-0000-0000-0000-000000000016', 0, 0, 1, '00000000-0000-0000-0000-000000000006', 'createTimestamp', 'create_timestamp', 2,  null, 0),
    ('00000000-0000-0000-0000-000000000017', 0, 0, 1, '00000000-0000-0000-0000-000000000007', 'createTimestamp', 'create_timestamp', 2,  null, 0),
    ('00000000-0000-0000-0000-000000000020', 0, 0, 1, '00000000-0000-0000-0000-000000000000', 'updateTimestamp', 'update_timestamp', 2,  null, 0),
    ('00000000-0000-0000-0000-000000000021', 0, 0, 1, '00000000-0000-0000-0000-000000000001', 'updateTimestamp', 'update_timestamp', 2,  null, 0),
    ('00000000-0000-0000-0000-000000000022', 0, 0, 1, '00000000-0000-0000-0000-000000000002', 'updateTimestamp', 'update_timestamp', 2,  null, 0),
    ('00000000-0000-0000-0000-000000000023', 0, 0, 1, '00000000-0000-0000-0000-000000000003', 'updateTimestamp', 'update_timestamp', 2,  null, 0),
    ('00000000-0000-0000-0000-000000000024', 0, 0, 1, '00000000-0000-0000-0000-000000000004', 'updateTimestamp', 'update_timestamp', 2,  null, 0),
    ('00000000-0000-0000-0000-000000000025', 0, 0, 1, '00000000-0000-0000-0000-000000000005', 'updateTimestamp', 'update_timestamp', 2,  null, 0),
    ('00000000-0000-0000-0000-000000000026', 0, 0, 1, '00000000-0000-0000-0000-000000000006', 'updateTimestamp', 'update_timestamp', 2,  null, 0),
    ('00000000-0000-0000-0000-000000000027', 0, 0, 1, '00000000-0000-0000-0000-000000000007', 'updateTimestamp', 'update_timestamp', 2,  null, 0),
    ('00000000-0000-0000-0000-000000000030', 0, 0, 1, '00000000-0000-0000-0000-000000000000', 'status', 'status', 1,  null, 1),
    ('00000000-0000-0000-0000-000000000031', 0, 0, 1, '00000000-0000-0000-0000-000000000001', 'status', 'status', 1,  null, 1),
    ('00000000-0000-0000-0000-000000000032', 0, 0, 1, '00000000-0000-0000-0000-000000000002', 'status', 'status', 1,  null, 1),
    ('00000000-0000-0000-0000-000000000033', 0, 0, 1, '00000000-0000-0000-0000-000000000003', 'status', 'status', 1,  null, 1),
    ('00000000-0000-0000-0000-000000000034', 0, 0, 1, '00000000-0000-0000-0000-000000000004', 'status', 'status', 1,  null, 1),
    ('00000000-0000-0000-0000-000000000035', 0, 0, 1, '00000000-0000-0000-0000-000000000005', 'status', 'status', 1,  null, 1),
    ('00000000-0000-0000-0000-000000000036', 0, 0, 1, '00000000-0000-0000-0000-000000000006', 'status', 'status', 1,  null, 1),
    ('00000000-0000-0000-0000-000000000037', 0, 0, 1, '00000000-0000-0000-0000-000000000007', 'status', 'status', 1,  null, 1),
    ('00000000-0000-0000-0000-000000000040', 0, 0, 1, '00000000-0000-0000-0000-000000000000', 'name', 'name', 3,  40, 1),
    ('00000000-0000-0000-0000-000000000041', 0, 0, 1, '00000000-0000-0000-0000-000000000000', 'dbSchema', 'db_schema', 3,  40, 1),
    ('00000000-0000-0000-0000-000000000042', 0, 0, 1, '00000000-0000-0000-0000-000000000000', 'dbTable', 'db_table', 3,  40, 1),
    ('00000000-0000-0000-0000-00000000004A', 0, 0, 1, '00000000-0000-0000-0000-000000000001', 'name', 'name', 3,  40, 1),
    ('00000000-0000-0000-0000-00000000004B', 0, 0, 1, '00000000-0000-0000-0000-000000000001', 'dbColumn', 'db_column', 3,  40, 1),
    ('00000000-0000-0000-0000-00000000004C', 0, 0, 1, '00000000-0000-0000-0000-000000000001', 'dataType', 'data_type', 1,  null, 1),
    ('00000000-0000-0000-0000-00000000004D', 0, 0, 1, '00000000-0000-0000-0000-000000000001', 'precisionOrLength', 'precision_or_length', 1,  null, 1),
    ('00000000-0000-0000-0000-00000000004E', 0, 0, 1, '00000000-0000-0000-0000-000000000001', 'beanId', 'bean_id', 5,  null, 1),
    ('00000000-0000-0000-0000-000000000050', 0, 0, 1, '00000000-0000-0000-0000-000000000002', 'fieldId', 'field_id', 5,  null, 1),
    ('00000000-0000-0000-0000-000000000051', 0, 0, 1, '00000000-0000-0000-0000-000000000002', 'validationType', 'validation_type', 1,  null, 1),
    ('00000000-0000-0000-0000-000000000052', 0, 0, 1, '00000000-0000-0000-0000-000000000002', 'validationValue', 'validation_value', 3,  null, 1),
    ('00000000-0000-0000-0000-000000000053', 0, 0, 1, '00000000-0000-0000-0000-000000000002', 'errorMessage', 'error_message', 3,  null, 1),
    ('00000000-0000-0000-0000-00000000005A', 0, 0, 1, '00000000-0000-0000-0000-000000000003', 'username', 'username', 3,  40, 1),
    ('00000000-0000-0000-0000-00000000005B', 0, 0, 1, '00000000-0000-0000-0000-000000000003', 'nickName', 'nick_name', 3,  60, 1),
    ('00000000-0000-0000-0000-00000000005C', 0, 0, 1, '00000000-0000-0000-0000-000000000003', 'gender', 'gender', 1,  null, 1),
    ('00000000-0000-0000-0000-000000000060', 0, 0, 1, '00000000-0000-0000-0000-000000000004', 'name', 'name', 3,  100, 1),
    ('00000000-0000-0000-0000-00000000006A', 0, 0, 1, '00000000-0000-0000-0000-000000000005', 'userId', 'user_id', 5,  null, 1),
    ('00000000-0000-0000-0000-00000000006B', 0, 0, 1, '00000000-0000-0000-0000-000000000005', 'roleId', 'role_id', 5,  null, 1),
    ('00000000-0000-0000-0000-000000000070', 0, 0, 1, '00000000-0000-0000-0000-000000000006', 'userId', 'user_id', 5,  null, 1),
    ('00000000-0000-0000-0000-000000000071', 0, 0, 1, '00000000-0000-0000-0000-000000000006', 'beanId', 'bean_id', 5,  null, 1),
    ('00000000-0000-0000-0000-000000000072', 0, 0, 1, '00000000-0000-0000-0000-000000000006', 'permissionType', 'permission_type', 1,  null, 1),
    ('00000000-0000-0000-0000-000000000073', 0, 0, 1, '00000000-0000-0000-0000-000000000006', 'weight', 'weight', 1,  null, 1),
    ('00000000-0000-0000-0000-00000000007A', 0, 0, 1, '00000000-0000-0000-0000-000000000007', 'roleId', 'role_id', 5,  null, 1),
    ('00000000-0000-0000-0000-00000000007B', 0, 0, 1, '00000000-0000-0000-0000-000000000007', 'beanId', 'bean_id', 5,  null, 1),
    ('00000000-0000-0000-0000-00000000007C', 0, 0, 1, '00000000-0000-0000-0000-000000000007', 'permissionType', 'permission_type', 1,  null, 1),
    ('00000000-0000-0000-0000-00000000007D', 0, 0, 1, '00000000-0000-0000-0000-000000000007', 'weight', 'weight', 1,  null, 1);

INSERT INTO t_user
    (id, create_timestamp, update_timestamp, status, username, password, nick_name, gender)
VALUES
    ('00000000-0000-0000-0000-000000000000', 0, 0, 1, 'superadmin', '', 'Super Admin', 0),
    ('00000000-0000-0000-0000-000000000001', 0, 0, 1, 'test1', '', 'Test01', 1);
INSERT INTO t_role
    (id, create_timestamp, update_timestamp, status, name)
VALUES
    ('00000000-0000-0000-0000-000000000000', 0, 0, 1, 'super_admin'),
    ('00000000-0000-0000-0000-000000000001', 0, 0, 1, 'test_role');
INSERT INTO t_user_role
    (user_id, role_id, create_timestamp, update_timestamp, status)
VALUES
    ('00000000-0000-0000-0000-000000000000', '00000000-0000-0000-0000-000000000000', 0, 0, 1);

INSERT INTO t_user_permission
    (id, create_timestamp, update_timestamp, status, user_id, bean_id, permission_type, weight)
VALUES
    ('00000000-0000-0000-0000-000000000000', 0, 0, 1, '00000000-0000-0000-0000-000000000000', '00000000-0000-0000-0000-000000000000', 3, 1),
    ('00000000-0000-0000-0000-000000000001', 0, 0, 1, '00000000-0000-0000-0000-000000000000', '00000000-0000-0000-0000-000000000001', 3, 1),
    ('00000000-0000-0000-0000-000000000002', 0, 0, 1, '00000000-0000-0000-0000-000000000000', '00000000-0000-0000-0000-000000000002', 3, 1),
    ('00000000-0000-0000-0000-000000000003', 0, 0, 1, '00000000-0000-0000-0000-000000000000', '00000000-0000-0000-0000-000000000003', 3, 1),
    ('00000000-0000-0000-0000-000000000004', 0, 0, 1, '00000000-0000-0000-0000-000000000001', '00000000-0000-0000-0000-000000000004', 3, 10),
    ('00000000-0000-0000-0000-000000000005', 0, 0, 1, '00000000-0000-0000-0000-000000000001', '00000000-0000-0000-0000-000000000005', 1, 1),
    ('00000000-0000-0000-0000-000000000006', 0, 0, 1, '00000000-0000-0000-0000-000000000001', '00000000-0000-0000-0000-000000000006', 2, 1);
INSERT INTO t_role_permission
    (id, create_timestamp, update_timestamp, status, role_id, bean_id, permission_type, weight)
VALUES
    ('00000000-0000-0000-0000-000000000000', 0, 0, 1, '00000000-0000-0000-0000-000000000000', '00000000-0000-0000-0000-000000000004', 3, 1),
    ('00000000-0000-0000-0000-000000000001', 0, 0, 1, '00000000-0000-0000-0000-000000000000', '00000000-0000-0000-0000-000000000005', 3, 1),
    ('00000000-0000-0000-0000-000000000002', 0, 0, 1, '00000000-0000-0000-0000-000000000000', '00000000-0000-0000-0000-000000000006', 3, 1),
    ('00000000-0000-0000-0000-000000000003', 0, 0, 1, '00000000-0000-0000-0000-000000000000', '00000000-0000-0000-0000-000000000007', 3, 1),
    ('00000000-0000-0000-0000-000000000004', 0, 0, 1, '00000000-0000-0000-0000-000000000001', '00000000-0000-0000-0000-000000000004', 0, 1),
    ('00000000-0000-0000-0000-000000000005', 0, 0, 1, '00000000-0000-0000-0000-000000000001', '00000000-0000-0000-0000-000000000005', 3, 10),
    ('00000000-0000-0000-0000-000000000006', 0, 0, 1, '00000000-0000-0000-0000-000000000001', '00000000-0000-0000-0000-000000000007', 2, 10);
